timestamp, mode
2017.09.05_17.36.24.000, vibrate
2017.09.06_01.35.29.000, vibrate
2017.09.06_16.15.04.000, vibrate
2017.09.07_18.29.38.000, vibrate
2017.09.08_12.26.28.000, normal
2017.09.08_12.26.29.000, vibrate
2017.09.08_15.09.08.000, silent
2017.09.08_15.09.10.000, vibrate
2017.09.08_22.53.46.000, vibrate
2017.09.09_14.50.54.000, vibrate
2017.09.09_21.04.32.000, vibrate
2017.09.10_00.08.11.000, vibrate
2017.09.10_01.07.27.000, vibrate
2017.09.11_15.53.46.000, vibrate
2017.09.12_17.28.02.000, vibrate
2017.09.12_21.06.12.000, vibrate
2017.09.13_21.03.16.000, silent
2017.09.13_21.03.31.000, vibrate
2017.09.13_22.59.29.000, silent
2017.09.13_23.05.27.000, normal
2017.09.13_23.05.27.000, vibrate
2017.09.14_00.35.53.000, vibrate
2017.09.14_11.14.27.000, vibrate
2017.09.18_16.12.09.000, vibrate
2017.09.19_15.03.01.000, vibrate
2017.09.21_16.57.01.000, vibrate
2017.09.22_19.16.56.000, vibrate
2017.09.23_01.12.53.000, silent
2017.09.23_01.33.54.000, normal
2017.09.23_01.33.54.000, vibrate
2017.09.23_18.13.12.000, vibrate
2017.09.24_13.39.33.000, vibrate
2017.09.26_16.21.14.000, vibrate
2017.09.26_18.28.12.000, vibrate
2017.09.27_00.37.49.000, vibrate
2017.09.27_16.05.43.000, normal
2017.09.27_16.05.45.000, vibrate
2017.09.28_16.02.03.000, normal
2017.09.28_16.02.04.000, vibrate
2017.09.28_19.52.44.000, vibrate
2017.09.29_20.56.45.000, vibrate
2017.10.01_20.48.06.000, vibrate
2017.10.05_16.21.09.000, vibrate
2017.10.09_17.19.52.000, vibrate
2017.10.10_01.41.23.000, normal
2017.10.10_01.41.26.000, vibrate
2017.10.10_12.04.47.000, silent
2017.10.10_12.05.22.000, normal
2017.10.10_12.05.23.000, vibrate
2017.10.11_08.58.00.000, silent
2017.10.11_08.58.03.000, normal
2017.10.11_09.00.37.000, vibrate
2017.10.11_17.14.19.000, vibrate
2017.10.12_00.06.34.000, vibrate
2017.10.12_17.38.07.000, vibrate
2017.10.13_12.34.12.000, silent
2017.10.13_12.34.13.000, vibrate
2017.10.13_13.00.31.000, silent
2017.10.13_13.31.37.000, normal
2017.10.13_13.31.37.000, vibrate
2017.10.14_11.30.52.000, silent
2017.10.14_12.55.33.000, normal
2017.10.14_12.55.33.000, vibrate
2017.10.16_13.00.31.000, silent
2017.10.16_15.36.25.000, normal
2017.10.16_15.36.26.000, vibrate
2017.10.16_21.01.44.000, vibrate
2017.10.17_21.52.25.000, vibrate
2017.10.18_21.02.16.000, vibrate
2017.10.20_02.17.27.000, vibrate
2017.10.20_08.19.36.000, vibrate
2017.10.20_12.23.30.000, vibrate
2017.10.21_21.59.55.000, silent
2017.10.21_22.06.46.000, normal
2017.10.21_22.06.47.000, vibrate
2017.10.22_12.49.33.000, vibrate
2017.10.22_22.45.33.000, vibrate
2017.10.23_09.09.04.000, silent
2017.10.23_11.25.50.000, normal
2017.10.23_11.25.51.000, vibrate
2017.10.23_17.30.16.000, vibrate
2017.10.24_19.04.07.000, vibrate
2017.10.25_20.43.39.000, vibrate
2017.10.27_23.16.49.000, vibrate
2017.10.30_08.44.41.000, vibrate
2017.11.02_01.11.10.000, vibrate
2017.11.02_20.10.54.000, vibrate
2017.11.03_13.31.46.000, vibrate
2017.11.05_16.10.51.000, silent
2017.11.05_16.10.52.000, normal
2017.11.05_16.10.52.000, vibrate
2017.11.07_14.23.00.000, vibrate
2017.11.09_01.16.16.000, vibrate
2017.11.11_03.59.04.000, vibrate
2017.11.12_21.50.09.000, silent
2017.11.12_21.51.44.000, normal
2017.11.12_21.51.45.000, vibrate
2017.11.13_13.52.38.000, silent
2017.11.13_14.28.18.000, normal
2017.11.13_14.28.18.000, vibrate
2017.11.13_19.46.38.000, vibrate
2017.11.15_16.57.00.000, vibrate
2017.11.16_18.48.49.000, vibrate
2017.11.17_13.32.01.000, vibrate
2017.11.18_09.49.01.000, silent
2017.11.18_09.49.40.000, normal
2017.11.18_09.49.41.000, vibrate
2017.11.19_14.37.37.000, silent
2017.11.19_15.06.26.000, normal
2017.11.19_15.06.27.000, vibrate
2017.11.21_18.56.49.000, vibrate
2017.11.21_20.49.28.000, vibrate
2017.11.22_09.49.24.000, silent
2017.11.22_11.00.34.000, normal
2017.11.22_11.00.35.000, vibrate
2017.11.22_13.35.36.000, silent
2017.11.22_14.35.19.000, normal
2017.11.22_14.35.19.000, vibrate
2017.11.23_03.09.58.000, vibrate
2017.11.23_21.55.23.000, vibrate
2017.11.25_17.05.26.000, vibrate
2017.11.26_17.03.55.000, vibrate
2017.11.27_00.39.26.000, vibrate
2017.11.27_15.13.40.000, silent
2017.11.27_15.30.30.000, normal
2017.11.27_15.30.30.000, vibrate
2017.11.27_16.09.18.000, vibrate
2017.11.28_18.53.20.000, vibrate
2017.11.28_19.55.25.000, silent
2017.11.28_20.06.21.000, normal
2017.11.28_20.06.22.000, vibrate
2017.11.29_04.34.32.000, vibrate
2017.11.30_15.42.03.000, vibrate
2017.12.01_13.37.18.000, vibrate
2017.12.03_17.43.26.000, vibrate
2017.12.05_11.28.18.000, silent
2017.12.05_13.21.41.000, vibrate
2017.12.06_21.32.52.000, vibrate
2017.12.07_09.35.21.000, silent
2017.12.07_15.16.58.000, normal
2017.12.07_15.16.58.000, vibrate
2017.12.08_10.56.51.000, vibrate
2017.12.11_14.58.35.000, vibrate
2017.12.11_20.26.55.000, vibrate
2017.12.12_14.07.45.000, silent
2017.12.12_15.02.52.000, normal
2017.12.12_15.02.53.000, vibrate
2017.12.12_21.34.16.000, vibrate
2017.12.13_21.01.50.000, vibrate
2017.12.15_12.14.40.000, vibrate
2017.12.17_22.10.34.000, vibrate
2017.12.21_15.31.50.000, vibrate
2017.12.21_22.25.57.000, vibrate
2017.12.22_18.25.15.000, silent
2017.12.22_18.25.15.000, normal
2017.12.22_18.25.18.000, vibrate
